CustomerID,Cluster
000nan,
012346,
012747,
012748,
012749,
012820,
012821,
012822,
012823,
012824,
012826,
012827,
012828,
012829,
012830,
012831,
012832,
012833,
012834,
012836,
012837,
012838,
012839,
012840,
012841,
012842,
012843,
012844,
012845,
012847,
012849,
012851,
012852,
012853,
012854,
012855,
012856,
012857,
012863,
012864,
012867,
012868,
012871,
012872,
012873,
012875,
012877,
012878,
012879,
012881,
012882,
012883,
012884,
012885,
012886,
012888,
012890,
012891,
012893,
012895,
012897,
012901,
012902,
012904,
012906,
012908,
012909,
012910,
012912,
012913,
012915,
012916,
012917,
012919,
012920,
012921,
012922,
012923,
012924,
012925,
012928,
012929,
012930,
012931,
012933,
012935,
012936,
012937,
012938,
012939,
012940,
012942,
012944,
012945,
012947,
012948,
012949,
012950,
012951,
012952,
012953,
012955,
012956,
012957,
012962,
012963,
012965,
012966,
012967,
012968,
012970,
012971,
012974,
012976,
012977,
012980,
012981,
012982,
012984,
012985,
012987,
012988,
012989,
012990,
012991,
012993,
012994,
012995,
012997,
012999,
013000,
013001,
013002,
013003,
013004,
013005,
013006,
013008,
013011,
013012,
013013,
013014,
013015,
013016,
013017,
013018,
013021,
013023,
013026,
013027,
013028,
013029,
013030,
013032,
013033,
013034,
013035,
013037,
013038,
013040,
013043,
013044,
013045,
013046,
013047,
013048,
013049,
013050,
013052,
013055,
013058,
013059,
013060,
013061,
013062,
013064,
013065,
013066,
013067,
013068,
013069,
013070,
013072,
013075,
013077,
013078,
013079,
013080,
013081,
013082,
013083,
013085,
013089,
013090,
013091,
013092,
013093,
013094,
013095,
013097,
013098,
013099,
013101,
013102,
013103,
013104,
013106,
013107,
013108,
013109,
013110,
013113,
013115,
013116,
013117,
013118,
013120,
013121,
013122,
013124,
013126,
013127,
013130,
013131,
013132,
013133,
013134,
013135,
013136,
013137,
013138,
013139,
013140,
013141,
013142,
013144,
013145,
013146,
013147,
013148,
013149,
013151,
013153,
013155,
013157,
013158,
013159,
013160,
013161,
013162,
013165,
013166,
013167,
013168,
013169,
013170,
013171,
013173,
013174,
013176,
013177,
013178,
013182,
013183,
013184,
013185,
013186,
013187,
013188,
013189,
013192,
013193,
013194,
013196,
013198,
013199,
013200,
013203,
013207,
013208,
013209,
013210,
013211,
013212,
013213,
013216,
013217,
013218,
013220,
013221,
013223,
013224,
013225,
013226,
013227,
013228,
013229,
013230,
013232,
013233,
013235,
013236,
013238,
013239,
013240,
013242,
013243,
013244,
013245,
013246,
013247,
013248,
013249,
013253,
013255,
013258,
013259,
013260,
013261,
013262,
013263,
013265,
013266,
013267,
013268,
013269,
013270,
013271,
013272,
013273,
013276,
013277,
013278,
013279,
013280,
013282,
013283,
013284,
013285,
013291,
013292,
013294,
013295,
013296,
013297,
013298,
013299,
013300,
013301,
013302,
013304,
013305,
013307,
013308,
013309,
013310,
013311,
013313,
013314,
013316,
013317,
013318,
013319,
013320,
013321,
013322,
013323,
013324,
013325,
013327,
013328,
013329,
013330,
013332,
013334,
013336,
013338,
013339,
013340,
013341,
013343,
013344,
013345,
013347,
013348,
013349,
013350,
013351,
013352,
013354,
013355,
013356,
013357,
013358,
013359,
013362,
013363,
013364,
013365,
013366,
013368,
013369,
013370,
013372,
013373,
013375,
013376,
013379,
013381,
013382,
013384,
013385,
013388,
013389,
013390,
013391,
013394,
013395,
013396,
013397,
013398,
013402,
013403,
013404,
013405,
013408,
013410,
013411,
013414,
013416,
013417,
013418,
013419,
013420,
013421,
013422,
013425,
013426,
013427,
013428,
013429,
013430,
013431,
013434,
013435,
013436,
013437,
013439,
013441,
013447,
013448,
013449,
013450,
013451,
013452,
013453,
013455,
013456,
013458,
013460,
013461,
013462,
013464,
013466,
013467,
013468,
013470,
013471,
013473,
013474,
013475,
013476,
013477,
013479,
013481,
013482,
013483,
013484,
013485,
013486,
013487,
013488,
013489,
013491,
013494,
013495,
013496,
013497,
013499,
013500,
013502,
013503,
013504,
013506,
013507,
013508,
013509,
013510,
013512,
013513,
013514,
013515,
013516,
013517,
013518,
013519,
013521,
013522,
013523,
013524,
013525,
013527,
013529,
013531,
013532,
013533,
013534,
013536,
013538,
013539,
013544,
013546,
013548,
013549,
013551,
013552,
013555,
013557,
013558,
013560,
013561,
013562,
013563,
013564,
013565,
013566,
013568,
013569,
013570,
013571,
013572,
013573,
013575,
013576,
013577,
013579,
013581,
013583,
013584,
013587,
013588,
013589,
013590,
013591,
013592,
013593,
013594,
013596,
013598,
013599,
013600,
013601,
013602,
013603,
013606,
013607,
013610,
013611,
013614,
013615,
013617,
013618,
013621,
013623,
013626,
013627,
013629,
013630,
013631,
013632,
013634,
013635,
013636,
013637,
013638,
013639,
013642,
013643,
013644,
013645,
013647,
013649,
013650,
013651,
013652,
013654,
013655,
013656,
013657,
013658,
013659,
013662,
013663,
013666,
013667,
013668,
013669,
013670,
013672,
013673,
013675,
013678,
013680,
013681,
013682,
013684,
013685,
013686,
013689,
013690,
013692,
013694,
013695,
013697,
013699,
013700,
013703,
013704,
013705,
013706,
013707,
013708,
013709,
013710,
013711,
013712,
013715,
013716,
013717,
013718,
013719,
013720,
013721,
013722,
013723,
013725,
013726,
013727,
013728,
013730,
013731,
013732,
013735,
013736,
013737,
013739,
013740,
013741,
013742,
013743,
013744,
013745,
013747,
013748,
013750,
013751,
013752,
013753,
013754,
013755,
013756,
013758,
013759,
013760,
013761,
013762,
013763,
013764,
013767,
013769,
013771,
013772,
013774,
013777,
013778,
013780,
013781,
013782,
013784,
013786,
013787,
013790,
013791,
013792,
013798,
013799,
013800,
013801,
013802,
013803,
013804,
013805,
013806,
013807,
013808,
013819,
013821,
013822,
013823,
013824,
013826,
013827,
013828,
013831,
013832,
013833,
013835,
013837,
013838,
013841,
013842,
013844,
013845,
013846,
013848,
013849,
013850,
013851,
013853,
013854,
013856,
013858,
013859,
013860,
013862,
013863,
013865,
013866,
013867,
013868,
013869,
013870,
013871,
013873,
013874,
013875,
013876,
013877,
013878,
013880,
013881,
013882,
013883,
013884,
013885,
013886,
013887,
013888,
013889,
013890,
013892,
013893,
013894,
013895,
013897,
013898,
013899,
013900,
013901,
013904,
013908,
013911,
013914,
013917,
013918,
013922,
013923,
013924,
013925,
013926,
013927,
013928,
013929,
013930,
013931,
013932,
013933,
013934,
013936,
013937,
013938,
013939,
013940,
013941,
013946,
013947,
013948,
013949,
013950,
013951,
013952,
013953,
013954,
013955,
013956,
013959,
013960,
013962,
013963,
013967,
013969,
013971,
013972,
013973,
013974,
013975,
013976,
013978,
013979,
013980,
013982,
013983,
013984,
013985,
013986,
013988,
013989,
013990,
013991,
013992,
013993,
013994,
013995,
013999,
014000,
014001,
014002,
014004,
014005,
014006,
014009,
014012,
014013,
014014,
014015,
014019,
014020,
014021,
014022,
014023,
014024,
014027,
014029,
014030,
014031,
014032,
014034,
014035,
014036,
014037,
014038,
014039,
014040,
014041,
014044,
014045,
014046,
014047,
014048,
014049,
014050,
014051,
014052,
014053,
014054,
014055,
014056,
014057,
014059,
014060,
014062,
014064,
014066,
014067,
014068,
014071,
014073,
014075,
014076,
014077,
014078,
014079,
014080,
014081,
014082,
014083,
014085,
014087,
014088,
014089,
014090,
014092,
014093,
014096,
014098,
014099,
014100,
014101,
014102,
014104,
014105,
014107,
014108,
014109,
014110,
014111,
014112,
014113,
014114,
014116,
014117,
014121,
014124,
014125,
014126,
014127,
014128,
014129,
014130,
014132,
014133,
014135,
014138,
014139,
014140,
014141,
014142,
014143,
014145,
014146,
014147,
014148,
014149,
014150,
014152,
014154,
014155,
014157,
014158,
014159,
014161,
014162,
014163,
014164,
014165,
014167,
014171,
014173,
014174,
014175,
014176,
014177,
014178,
014179,
014180,
014184,
014185,
014188,
014189,
014191,
014193,
014194,
014195,
014196,
014198,
014199,
014201,
014204,
014205,
014206,
014208,
014209,
014210,
014211,
014212,
014214,
014215,
014216,
014217,
014218,
014219,
014220,
014221,
014222,
014223,
014224,
014226,
014227,
014229,
014231,
014232,
014233,
014234,
014235,
014236,
014237,
014238,
014239,
014240,
014241,
014242,
014243,
014245,
014246,
014247,
014248,
014250,
014251,
014256,
014257,
014258,
014259,
014261,
014262,
014264,
014267,
014270,
014271,
014272,
014273,
014276,
014280,
014282,
014284,
014285,
014286,
014287,
014288,
014289,
014290,
014291,
014292,
014293,
014295,
014297,
014298,
014299,
014300,
014301,
014304,
014305,
014306,
014307,
014309,
014311,
014312,
014314,
014315,
014317,
014320,
014321,
014323,
014326,
014327,
014329,
014331,
014332,
014333,
014334,
014336,
014338,
014339,
014340,
014341,
014342,
014344,
014345,
014346,
014348,
014349,
014350,
014351,
014352,
014353,
014354,
014355,
014356,
014357,
014359,
014360,
014362,
014364,
014367,
014368,
014371,
014373,
014375,
014377,
014379,
014381,
014382,
014383,
014385,
014386,
014387,
014388,
014389,
014390,
014393,
014395,
014396,
014397,
014400,
014401,
014403,
014404,
014406,
014407,
014408,
014409,
014410,
014411,
014412,
014413,
014414,
014415,
014416,
014418,
014419,
014420,
014421,
014422,
014423,
014424,
014426,
014427,
014428,
014431,
014432,
014434,
014436,
014437,
014438,
014440,
014441,
014443,
014446,
014447,
014448,
014449,
014450,
014451,
014452,
014453,
014456,
014457,
014459,
014460,
014461,
014462,
014463,
014465,
014466,
014467,
014470,
014472,
014473,
014474,
014475,
014476,
014477,
014479,
014480,
014481,
014482,
014483,
014484,
014485,
014487,
014488,
014489,
014491,
014493,
014494,
014495,
014496,
014497,
014498,
014499,
014500,
014501,
014502,
014503,
014504,
014505,
014506,
014507,
014508,
014511,
014512,
014513,
014514,
014515,
014517,
014518,
014520,
014522,
014523,
014524,
014525,
014527,
014528,
014529,
014530,
014532,
014533,
014534,
014535,
014536,
014537,
014538,
014539,
014540,
014541,
014542,
014543,
014544,
014546,
014547,
014548,
014549,
014550,
014551,
014552,
014553,
014554,
014555,
014557,
014560,
014561,
014562,
014565,
014567,
014569,
014570,
014572,
014573,
014576,
014577,
014578,
014581,
014582,
014583,
014584,
014585,
014586,
014587,
014589,
014591,
014592,
014593,
014594,
014595,
014597,
014598,
014600,
014601,
014603,
014606,
014607,
014608,
014609,
014616,
014618,
014619,
014620,
014621,
014622,
014623,
014624,
014625,
014626,
014628,
014629,
014631,
014632,
014633,
014636,
014638,
014639,
014640,
014641,
014642,
014643,
014644,
014645,
014647,
014649,
014651,
014652,
014653,
014655,
014656,
014657,
014658,
014659,
014660,
014661,
014662,
014664,
014665,
014666,
014667,
014669,
014670,
014672,
014673,
014675,
014676,
014680,
014681,
014682,
014684,
014687,
014688,
014689,
014690,
014691,
014692,
014693,
014696,
014697,
014698,
014699,
014700,
014701,
014702,
014703,
014704,
014705,
014708,
014709,
014710,
014711,
014712,
014713,
014714,
014715,
014716,
014719,
014720,
014722,
014723,
014725,
014727,
014729,
014730,
014731,
014732,
014733,
014735,
014737,
014738,
014739,
014740,
014741,
014744,
014745,
014747,
014748,
014752,
014753,
014754,
014755,
014756,
014757,
014758,
014759,
014760,
014761,
014762,
014764,
014765,
014766,
014768,
014769,
014770,
014772,
014775,
014776,
014778,
014779,
014780,
014782,
014784,
014785,
014788,
014789,
014790,
014792,
014793,
014794,
014795,
014796,
014798,
014799,
014800,
014801,
014803,
014804,
014805,
014806,
014808,
014810,
014813,
014815,
014816,
014817,
014818,
014819,
014820,
014821,
014823,
014824,
014825,
014828,
014829,
014830,
014834,
014836,
014837,
014840,
014841,
014842,
014844,
014847,
014849,
014850,
014851,
014852,
014853,
014854,
014855,
014856,
014857,
014859,
014860,
014861,
014862,
014863,
014865,
014866,
014867,
014868,
014869,
014870,
014871,
014873,
014875,
014878,
014880,
014881,
014882,
014883,
014885,
014886,
014887,
014888,
014889,
014890,
014891,
014893,
014894,
014895,
014896,
014897,
014898,
014901,
014902,
014903,
014904,
014905,
014907,
014908,
014910,
014913,
014915,
014916,
014918,
014920,
014921,
014923,
014924,
014929,
014944,
014946,
014947,
014948,
014950,
014951,
014952,
014953,
014954,
014957,
014958,
014959,
014960,
014961,
014962,
014963,
014964,
014965,
014966,
014967,
014968,
014970,
014971,
014972,
014973,
014974,
014975,
014976,
014978,
014981,
014984,
014985,
014987,
014988,
014995,
014997,
014998,
015000,
015002,
015004,
015005,
015006,
015007,
015009,
015010,
015012,
015014,
015016,
015017,
015018,
015019,
015021,
015022,
015023,
015024,
015025,
015026,
015027,
015028,
015030,
015031,
015032,
015033,
015034,
015035,
015036,
015038,
015039,
015041,
015042,
015043,
015044,
015045,
015046,
015047,
015048,
015049,
015050,
015051,
015052,
015053,
015054,
015057,
015058,
015059,
015060,
015061,
015062,
015063,
015065,
015066,
015067,
015068,
015069,
015070,
015071,
015073,
015074,
015075,
015076,
015078,
015079,
015081,
015083,
015087,
015088,
015089,
015090,
015091,
015092,
015093,
015095,
015096,
015097,
015098,
015099,
015100,
015101,
015103,
015104,
015105,
015106,
015107,
015109,
015110,
015111,
015113,
015114,
015115,
015116,
015117,
015118,
015119,
015120,
015121,
015122,
015123,
015124,
015125,
015127,
015128,
015129,
015130,
015132,
015133,
015134,
015135,
015136,
015139,
015140,
015142,
015143,
015144,
015145,
015146,
015147,
015148,
015149,
015150,
015152,
015153,
015154,
015156,
015157,
015158,
015159,
015160,
015163,
015164,
015165,
015167,
015168,
015171,
015172,
015174,
015175,
015178,
015179,
015180,
015181,
015182,
015184,
015185,
015186,
015187,
015189,
015192,
015193,
015194,
015195,
015197,
015198,
015199,
015201,
015203,
015204,
015205,
015206,
015208,
015210,
015211,
015212,
015213,
015214,
015215,
015216,
015218,
015219,
015220,
015221,
015222,
015223,
015224,
015225,
015226,
015227,
015228,
015230,
015232,
015234,
015235,
015236,
015237,
015238,
015239,
015240,
015241,
015243,
015244,
015245,
015246,
015247,
015249,
015251,
015252,
015253,
015254,
015255,
015256,
015257,
015258,
015260,
015261,
015262,
015263,
015264,
015265,
015266,
015267,
015269,
015270,
015271,
015272,
015274,
015275,
015276,
015277,
015279,
015280,
015281,
015286,
015287,
015288,
015289,
015290,
015291,
015292,
015296,
015297,
015298,
015299,
015300,
015301,
015303,
015304,
015306,
015307,
015308,
015311,
015312,
015313,
015314,
015315,
015316,
015318,
015319,
015320,
015321,
015322,
015325,
015326,
015327,
015329,
015330,
015333,
015334,
015335,
015339,
015341,
015342,
015343,
015344,
015345,
015346,
015347,
015348,
015349,
015350,
015351,
015353,
015355,
015356,
015358,
015360,
015361,
015363,
015364,
015365,
015366,
015367,
015368,
015370,
015372,
015373,
015374,
015376,
015379,
015380,
015381,
015382,
015384,
015385,
015386,
015389,
015392,
015393,
015394,
015395,
015396,
015397,
015398,
015399,
015400,
015402,
015405,
015406,
015407,
015408,
015410,
015411,
015412,
015414,
015415,
015416,
015417,
015419,
015421,
015422,
015423,
015424,
015426,
015427,
015428,
015429,
015432,
015433,
015434,
015435,
015436,
015437,
015438,
015440,
015442,
015443,
015444,
015445,
015447,
015448,
015449,
015450,
015452,
015453,
015454,
015456,
015457,
015458,
015460,
015462,
015463,
015464,
015465,
015466,
015467,
015468,
015469,
015471,
015472,
015473,
015475,
015478,
015482,
015483,
015484,
015485,
015488,
015489,
015491,
015492,
015493,
015494,
015497,
015498,
015500,
015502,
015503,
015504,
015505,
015506,
015507,
015508,
015510,
015511,
015512,
015513,
015514,
015516,
015517,
015518,
015520,
015521,
015522,
015523,
015524,
015525,
015526,
015527,
015528,
015529,
015530,
015531,
015532,
015533,
015535,
015537,
015539,
015540,
015541,
015543,
015544,
015545,
015547,
015549,
015550,
015551,
015552,
015553,
015554,
015555,
015556,
015557,
015561,
015562,
015563,
015565,
015567,
015568,
015569,
015570,
015571,
015572,
015573,
015574,
015576,
015577,
015578,
015579,
015581,
015582,
015584,
015585,
015587,
015589,
015592,
015593,
015594,
015596,
015597,
015598,
015599,
015601,
015602,
015603,
015604,
015605,
015606,
015607,
015608,
015609,
015610,
015611,
015612,
015615,
015618,
015619,
015620,
015621,
015622,
015623,
015624,
015625,
015626,
015628,
015630,
015632,
015634,
015636,
015637,
015639,
015640,
015641,
015643,
015644,
015645,
015646,
015648,
015649,
015651,
015652,
015653,
015654,
015655,
015656,
015657,
015658,
015659,
015660,
015661,
015663,
015664,
015665,
015667,
015668,
015669,
015670,
015671,
015673,
015674,
015675,
015676,
015677,
015678,
015679,
015680,
015681,
015683,
015687,
015689,
015690,
015691,
015692,
015694,
015695,
015696,
015699,
015700,
015701,
015703,
015704,
015705,
015706,
015707,
015708,
015709,
015712,
015713,
015714,
015716,
015717,
015719,
015720,
015721,
015722,
015723,
015724,
015725,
015727,
015729,
015730,
015732,
015733,
015734,
015737,
015738,
015739,
015740,
015743,
015744,
015745,
015746,
015747,
015748,
015749,
015750,
015752,
015753,
015754,
015755,
015756,
015757,
015758,
015759,
015762,
015763,
015764,
015766,
015768,
015769,
015773,
015774,
015775,
015776,
015777,
015780,
015781,
015782,
015783,
015785,
015786,
015787,
015789,
015790,
015791,
015793,
015795,
015796,
015797,
015799,
015800,
015801,
015802,
015803,
015804,
015805,
015806,
015807,
015808,
015809,
015810,
015811,
015812,
015813,
015814,
015815,
015819,
015820,
015821,
015822,
015823,
015825,
015826,
015827,
015829,
015830,
015831,
015832,
015834,
015835,
015836,
015837,
015838,
015839,
015840,
015841,
015843,
015844,
015845,
015847,
015850,
015852,
015853,
015854,
015855,
015856,
015857,
015858,
015860,
015861,
015862,
015863,
015864,
015865,
015866,
015867,
015869,
015870,
015872,
015874,
015877,
015880,
015881,
015882,
015883,
015885,
015886,
015888,
015889,
015891,
015894,
015895,
015897,
015898,
015899,
015900,
015901,
015903,
015904,
015906,
015907,
015909,
015910,
015912,
015916,
015917,
015918,
015919,
015920,
015921,
015922,
015923,
015925,
015930,
015932,
015933,
015935,
015937,
015938,
015939,
015940,
015942,
015944,
015945,
015947,
015948,
015949,
015950,
015951,
015952,
015953,
015955,
015957,
015958,
015963,
015965,
015967,
015969,
015970,
015971,
015973,
015974,
015975,
015976,
015977,
015978,
015980,
015981,
015983,
015984,
015985,
015986,
015987,
015988,
015990,
015992,
015993,
015994,
015996,
015998,
016000,
016003,
016005,
016006,
016007,
016008,
016009,
016010,
016011,
016012,
016013,
016014,
016015,
016016,
016017,
016018,
016019,
016020,
016022,
016023,
016024,
016025,
016026,
016027,
016029,
016030,
016031,
016033,
016034,
016036,
016037,
016038,
016040,
016041,
016042,
016043,
016045,
016048,
016049,
016050,
016052,
016053,
016054,
016055,
016056,
016057,
016059,
016062,
016063,
016065,
016066,
016070,
016071,
016072,
016073,
016076,
016078,
016079,
016080,
016081,
016083,
016084,
016085,
016086,
016091,
016092,
016093,
016094,
016096,
016097,
016098,
016099,
016101,
016102,
016103,
016104,
016105,
016106,
016107,
016108,
016109,
016110,
016112,
016113,
016114,
016115,
016116,
016117,
016119,
016120,
016121,
016122,
016123,
016124,
016125,
016126,
016127,
016128,
016131,
016133,
016134,
016135,
016136,
016139,
016140,
016141,
016142,
016143,
016144,
016145,
016146,
016147,
016148,
016149,
016150,
016152,
016153,
016156,
016157,
016159,
016160,
016161,
016162,
016163,
016164,
016168,
016169,
016170,
016171,
016172,
016173,
016174,
016175,
016177,
016178,
016179,
016180,
016181,
016182,
016183,
016184,
016185,
016186,
016187,
016188,
016189,
016190,
016191,
016193,
016198,
016200,
016201,
016202,
016203,
016204,
016205,
016206,
016207,
016208,
016209,
016210,
016211,
016212,
016213,
016214,
016215,
016216,
016217,
016218,
016221,
016222,
016224,
016225,
016226,
016227,
016229,
016230,
016232,
016233,
016235,
016236,
016239,
016240,
016241,
016242,
016243,
016244,
016245,
016247,
016248,
016249,
016250,
016253,
016255,
016256,
016257,
016258,
016260,
016261,
016265,
016266,
016268,
016270,
016271,
016272,
016274,
016275,
016276,
016278,
016279,
016281,
016282,
016283,
016284,
016287,
016292,
016293,
016295,
016297,
016298,
016302,
016303,
016305,
016306,
016308,
016309,
016311,
016313,
016315,
016316,
016317,
016318,
016319,
016322,
016323,
016324,
016325,
016326,
016327,
016330,
016332,
016333,
016337,
016338,
016339,
016340,
016341,
016342,
016343,
016344,
016345,
016347,
016348,
016349,
016350,
016351,
016352,
016353,
016354,
016356,
016357,
016358,
016359,
016360,
016361,
016362,
016363,
016364,
016365,
016366,
016367,
016368,
016369,
016370,
016372,
016374,
016376,
016377,
016378,
016379,
016380,
016383,
016384,
016385,
016386,
016387,
016389,
016392,
016393,
016394,
016395,
016398,
016399,
016400,
016401,
016402,
016403,
016404,
016405,
016406,
016407,
016409,
016411,
016412,
016413,
016414,
016415,
016416,
016418,
016419,
016422,
016423,
016424,
016425,
016426,
016427,
016429,
016430,
016431,
016432,
016433,
016434,
016438,
016440,
016441,
016442,
016444,
016445,
016446,
016447,
016448,
016449,
016450,
016451,
016454,
016455,
016456,
016457,
016458,
016460,
016461,
016462,
016463,
016464,
016466,
016468,
016469,
016470,
016471,
016473,
016474,
016475,
016477,
016478,
016479,
016480,
016482,
016483,
016484,
016485,
016488,
016491,
016493,
016494,
016495,
016496,
016497,
016498,
016499,
016500,
016503,
016504,
016505,
016506,
016509,
016510,
016511,
016513,
016515,
016516,
016517,
016518,
016519,
016520,
016523,
016525,
016526,
016527,
016528,
016529,
016531,
016532,
016533,
016535,
016536,
016539,
016542,
016545,
016546,
016549,
016550,
016551,
016552,
016553,
016554,
016555,
016556,
016557,
016558,
016560,
016561,
016563,
016565,
016566,
016567,
016569,
016570,
016571,
016572,
016573,
016574,
016581,
016582,
016583,
016584,
016586,
016587,
016589,
016591,
016592,
016593,
016594,
016595,
016596,
016597,
016598,
016600,
016601,
016602,
016603,
016607,
016609,
016610,
016611,
016612,
016613,
016614,
016616,
016617,
016618,
016619,
016620,
016621,
016623,
016624,
016625,
016626,
016627,
016628,
016629,
016633,
016634,
016637,
016638,
016639,
016641,
016642,
016643,
016644,
016647,
016648,
016650,
016652,
016653,
016654,
016655,
016656,
016657,
016658,
016659,
016660,
016665,
016666,
016667,
016668,
016669,
016670,
016671,
016672,
016674,
016676,
016678,
016679,
016680,
016681,
016682,
016684,
016685,
016686,
016688,
016689,
016690,
016692,
016693,
016696,
016697,
016698,
016700,
016701,
016705,
016706,
016708,
016709,
016710,
016711,
016712,
016713,
016714,
016715,
016716,
016717,
016718,
016719,
016720,
016721,
016722,
016723,
016725,
016726,
016727,
016728,
016729,
016730,
016732,
016734,
016735,
016737,
016738,
016739,
016742,
016743,
016744,
016745,
016746,
016747,
016748,
016750,
016751,
016752,
016753,
016754,
016755,
016756,
016757,
016758,
016759,
016761,
016762,
016763,
016764,
016765,
016766,
016767,
016768,
016769,
016770,
016771,
016773,
016774,
016775,
016776,
016777,
016778,
016779,
016780,
016781,
016782,
016784,
016788,
016789,
016790,
016791,
016792,
016793,
016794,
016795,
016796,
016800,
016801,
016803,
016804,
016805,
016806,
016807,
016808,
016809,
016810,
016811,
016812,
016813,
016814,
016816,
016817,
016818,
016820,
016823,
016824,
016825,
016826,
016828,
016829,
016830,
016832,
016833,
016834,
016835,
016836,
016837,
016838,
016839,
016841,
016842,
016843,
016846,
016847,
016848,
016849,
016850,
016851,
016852,
016855,
016856,
016858,
016859,
016861,
016863,
016866,
016869,
016871,
016872,
016873,
016875,
016877,
016878,
016880,
016881,
016882,
016883,
016884,
016885,
016887,
016889,
016891,
016892,
016893,
016895,
016897,
016898,
016899,
016900,
016902,
016903,
016904,
016905,
016906,
016907,
016909,
016910,
016912,
016913,
016914,
016915,
016916,
016917,
016918,
016919,
016921,
016923,
016924,
016926,
016927,
016928,
016929,
016930,
016931,
016932,
016933,
016934,
016936,
016938,
016940,
016942,
016943,
016945,
016947,
016948,
016949,
016950,
016951,
016952,
016953,
016954,
016955,
016956,
016957,
016959,
016960,
016961,
016963,
016965,
016966,
016967,
016968,
016969,
016971,
016976,
016978,
016979,
016980,
016982,
016983,
016984,
016985,
016986,
016987,
016988,
016989,
016990,
016992,
016996,
016997,
016998,
016999,
017001,
017002,
017004,
017006,
017007,
017010,
017011,
017014,
017015,
017017,
017018,
017019,
017022,
017024,
017025,
017026,
017027,
017029,
017030,
017031,
017033,
017034,
017035,
017037,
017038,
017040,
017041,
017042,
017043,
017044,
017045,
017046,
017047,
017048,
017049,
017050,
017051,
017052,
017053,
017054,
017058,
017059,
017060,
017061,
017062,
017063,
017064,
017068,
017069,
017070,
017071,
017073,
017075,
017076,
017078,
017079,
017080,
017081,
017082,
017083,
017084,
017085,
017086,
017088,
017090,
017091,
017092,
017094,
017095,
017096,
017100,
017101,
017102,
017105,
017107,
017109,
017110,
017111,
017114,
017115,
017117,
017118,
017119,
017120,
017122,
017123,
017124,
017125,
017126,
017128,
017131,
017133,
017134,
017135,
017138,
017139,
017140,
017142,
017144,
017146,
017147,
017148,
017152,
017153,
017154,
017155,
017157,
017158,
017159,
017160,
017162,
017163,
017164,
017165,
017166,
017169,
017171,
017172,
017173,
017174,
017175,
017176,
017179,
017180,
017181,
017183,
017186,
017187,
017188,
017189,
017190,
017191,
017193,
017194,
017197,
017198,
017201,
017203,
017204,
017205,
017206,
017211,
017212,
017213,
017214,
017217,
017218,
017219,
017220,
017221,
017222,
017223,
017226,
017227,
017228,
017229,
017230,
017231,
017232,
017233,
017234,
017235,
017236,
017237,
017238,
017239,
017242,
017243,
017244,
017245,
017247,
017248,
017250,
017251,
017252,
017253,
017254,
017255,
017256,
017259,
017262,
017263,
017265,
017266,
017267,
017268,
017272,
017274,
017277,
017278,
017279,
017282,
017284,
017286,
017287,
017288,
017289,
017290,
017291,
017293,
017295,
017297,
017298,
017299,
017301,
017302,
017303,
017306,
017309,
017311,
017312,
017313,
017314,
017315,
017317,
017320,
017321,
017323,
017324,
017325,
017329,
017330,
017331,
017333,
017334,
017337,
017338,
017339,
017340,
017341,
017343,
017344,
017345,
017346,
017347,
017348,
017349,
017350,
017351,
017353,
017354,
017356,
017357,
017358,
017359,
017360,
017361,
017362,
017364,
017365,
017367,
017368,
017370,
017371,
017372,
017373,
017374,
017375,
017376,
017377,
017379,
017381,
017382,
017383,
017384,
017385,
017386,
017387,
017388,
017389,
017391,
017392,
017394,
017396,
017397,
017398,
017400,
017402,
017403,
017405,
017406,
017408,
017409,
017410,
017411,
017412,
017414,
017415,
017416,
017418,
017419,
017420,
017422,
017423,
017425,
017426,
017427,
017428,
017429,
017430,
017431,
017432,
017433,
017434,
017436,
017438,
017440,
017442,
017446,
017447,
017449,
017450,
017451,
017453,
017454,
017455,
017456,
017457,
017458,
017459,
017460,
017461,
017462,
017463,
017464,
017466,
017468,
017469,
017470,
017472,
017475,
017480,
017481,
017483,
017486,
017489,
017490,
017491,
017492,
017495,
017496,
017498,
017499,
017500,
017501,
017502,
017503,
017504,
017505,
017506,
017507,
017509,
017510,
017511,
017512,
017513,
017514,
017515,
017516,
017517,
017519,
017520,
017521,
017522,
017523,
017524,
017525,
017526,
017527,
017528,
017530,
017531,
017534,
017535,
017536,
017537,
017538,
017540,
017542,
017545,
017548,
017549,
017550,
017551,
017552,
017553,
017554,
017555,
017556,
017557,
017560,
017561,
017562,
017564,
017566,
017567,
017569,
017571,
017572,
017573,
017574,
017576,
017578,
017579,
017580,
017581,
017582,
017584,
017585,
017588,
017589,
017590,
017591,
017593,
017594,
017595,
017596,
017597,
017600,
017601,
017602,
017603,
017604,
017608,
017609,
017611,
017612,
017613,
017614,
017615,
017616,
017618,
017619,
017620,
017621,
017623,
017624,
017625,
017628,
017629,
017630,
017631,
017633,
017634,
017636,
017637,
017639,
017640,
017642,
017643,
017644,
017646,
017647,
017648,
017649,
017650,
017651,
017652,
017653,
017654,
017655,
017656,
017658,
017659,
017660,
017663,
017664,
017666,
017667,
017668,
017669,
017670,
017671,
017672,
017673,
017674,
017675,
017676,
017677,
017678,
017679,
017680,
017682,
017684,
017685,
017686,
017690,
017691,
017692,
017693,
017694,
017695,
017696,
017697,
017698,
017700,
017701,
017702,
017703,
017704,
017705,
017706,
017707,
017708,
017709,
017711,
017712,
017714,
017715,
017716,
017718,
017719,
017720,
017722,
017723,
017724,
017725,
017727,
017728,
017730,
017731,
017732,
017733,
017734,
017735,
017736,
017737,
017738,
017739,
017742,
017744,
017746,
017747,
017749,
017750,
017752,
017754,
017757,
017758,
017759,
017760,
017761,
017763,
017764,
017765,
017767,
017768,
017769,
017770,
017771,
017772,
017774,
017775,
017777,
017779,
017781,
017783,
017785,
017786,
017787,
017788,
017789,
017790,
017791,
017793,
017795,
017796,
017797,
017799,
017800,
017802,
017805,
017806,
017809,
017811,
017812,
017813,
017816,
017817,
017819,
017824,
017827,
017830,
017831,
017832,
017835,
017836,
017837,
017838,
017839,
017841,
017843,
017846,
017848,
017849,
017850,
017852,
017854,
017855,
017856,
017857,
017858,
017859,
017860,
017861,
017862,
017863,
017864,
017865,
017866,
017867,
017869,
017870,
017871,
017873,
017874,
017877,
017878,
017879,
017880,
017881,
017883,
017884,
017885,
017886,
017887,
017888,
017889,
017890,
017891,
017892,
017893,
017894,
017895,
017896,
017897,
017898,
017899,
017900,
017901,
017904,
017905,
017906,
017908,
017911,
017912,
017913,
017914,
017917,
017919,
017920,
017921,
017923,
017924,
017925,
017926,
017928,
017929,
017930,
017931,
017932,
017934,
017935,
017936,
017937,
017939,
017940,
017941,
017942,
017946,
017947,
017948,
017949,
017950,
017951,
017954,
017955,
017956,
017957,
017958,
017960,
017961,
017962,
017964,
017965,
017966,
017967,
017968,
017969,
017970,
017972,
017973,
017974,
017975,
017976,
017977,
017978,
017979,
017980,
017984,
017985,
017986,
017987,
017988,
017990,
017991,
017994,
017995,
017997,
017999,
018001,
018004,
018005,
018006,
018008,
018009,
018010,
018011,
018013,
018014,
018015,
018016,
018017,
018018,
018019,
018022,
018024,
018027,
018030,
018032,
018033,
018034,
018035,
018036,
018037,
018040,
018041,
018042,
018043,
018044,
018045,
018048,
018050,
018053,
018055,
018056,
018058,
018059,
018061,
018062,
018064,
018065,
018066,
018067,
018068,
018069,
018071,
018072,
018073,
018074,
018075,
018077,
018078,
018079,
018080,
018081,
018082,
018084,
018085,
018086,
018087,
018088,
018092,
018093,
018094,
018095,
018096,
018097,
018099,
018101,
018102,
018104,
018105,
018106,
018108,
018109,
018110,
018112,
018113,
018114,
018116,
018117,
018118,
018119,
018120,
018121,
018122,
018123,
018125,
018126,
018127,
018129,
018130,
018133,
018135,
018136,
018138,
018139,
018142,
018143,
018144,
018145,
018146,
018147,
018149,
018150,
018151,
018154,
018155,
018156,
018158,
018159,
018160,
018161,
018164,
018165,
018167,
018168,
018169,
018170,
018171,
018172,
018173,
018174,
018176,
018177,
018178,
018179,
018180,
018181,
018183,
018184,
018185,
018188,
018189,
018190,
018191,
018192,
018193,
018194,
018196,
018198,
018200,
018202,
018203,
018204,
018205,
018209,
018210,
018211,
018212,
018213,
018215,
018216,
018217,
018218,
018219,
018220,
018221,
018222,
018223,
018224,
018225,
018226,
018227,
018228,
018229,
018230,
018231,
018232,
018233,
018235,
018236,
018237,
018239,
018240,
018241,
018242,
018245,
018246,
018248,
018249,
018250,
018251,
018252,
018255,
018257,
018259,
018260,
018261,
018262,
018263,
018265,
018268,
018269,
018270,
018272,
018273,
018274,
018276,
018277,
018278,
018280,
018281,
018282,
018283,
018287,
